IR_ANIMALID,IR_INTAKETYPE,IR_INTAKEDATE,IR_CONDITION
1,Transfer,2022-06-10,Normal
2,Surrendered,2024-05-18,Normal
3,Surrendered,2022-03-26,Sick
4,Stray,2023-09-05,Injured
5,Transfer,2022-01-30,Sick
6,Surrendered,2023-09-12,Injured
7,Stray,2023-01-23,Normal
8,Stray,2023-04-03,Normal
9,Transfer,2024-05-11,Injured
10,Transfer,2023-06-06,Injured
11,Surrendered,2024-06-15,Normal
12,Surrendered,2022-12-28,Sick
13,Surrendered,2024-07-07,Normal
14,Surrendered,2024-08-21,Injured
15,Transfer,2024-06-06,Injured
16,Stray,2023-11-05,Injured
17,Transfer,2022-03-05,Normal
18,Transfer,2023-08-24,Injured
19,Surrendered,2023-08-06,Sick
20,Surrendered,2023-07-01,Injured
21,Transfer,2023-10-02,Injured
22,Stray,2023-03-16,Injured
23,Surrendered,2023-09-28,Sick
24,Stray,2022-08-03,Normal
25,Stray,2024-06-19,Injured
26,Transfer,2023-01-30,Sick
27,Transfer,2023-08-09,Normal
28,Surrendered,2023-04-29,Injured
29,Stray,2022-10-15,Sick
30,Transfer,2022-08-17,Normal
31,Transfer,2022-05-02,Normal
32,Stray,2024-10-07,Sick
33,Transfer,2022-09-13,Sick
34,Transfer,2024-11-28,Normal
35,Stray,2023-03-06,Sick
36,Transfer,2022-03-22,Sick
37,Transfer,2023-06-22,Normal
38,Surrendered,2024-01-17,Normal
39,Surrendered,2022-10-19,Injured
40,Stray,2024-07-16,Sick
41,Stray,2023-10-03,Injured
42,Surrendered,2023-03-13,Injured
43,Transfer,2024-12-12,Normal
44,Transfer,2024-05-31,Sick
45,Surrendered,2024-09-26,Normal
46,Transfer,2024-03-30,Injured
47,Surrendered,2023-03-30,Injured
48,Surrendered,2022-02-08,Injured
49,Surrendered,2022-07-15,Sick
50,Transfer,2023-11-16,Injured
51,Stray,2022-06-10,Injured
52,Transfer,2023-04-22,Normal
53,Transfer,2022-04-03,Normal
54,Surrendered,2023-06-11,Normal
55,Transfer,2022-08-13,Injured
56,Stray,2024-04-25,Normal
57,Stray,2024-03-07,Injured
58,Transfer,2023-01-23,Normal
59,Transfer,2022-01-21,Sick
60,Stray,2022-06-13,Injured
61,Transfer,2024-10-26,Sick
62,Stray,2024-01-26,Injured
63,Stray,2023-04-18,Injured
64,Transfer,2023-11-10,Normal
65,Surrendered,2023-04-09,Sick
66,Stray,2024-06-12,Normal
67,Transfer,2022-07-25,Sick
68,Surrendered,2023-10-19,Sick
69,Transfer,2022-10-25,Injured
70,Transfer,2024-07-13,Sick
71,Transfer,2022-10-10,Sick
72,Transfer,2024-07-06,Normal
73,Surrendered,2023-02-28,Normal
74,Surrendered,2023-11-23,Normal
75,Stray,2023-06-23,Normal
76,Stray,2022-06-27,Normal
77,Surrendered,2022-01-09,Injured
78,Transfer,2022-06-08,Sick
79,Stray,2023-12-21,Sick
80,Transfer,2024-05-19,Normal
81,Surrendered,2024-08-04,Normal
82,Surrendered,2024-03-17,Injured
83,Surrendered,2023-11-24,Normal
84,Transfer,2022-04-03,Normal
85,Stray,2024-05-14,Normal
86,Surrendered,2022-12-19,Normal
87,Surrendered,2024-08-31,Injured
88,Transfer,2024-10-29,Injured
89,Transfer,2024-09-20,Normal
90,Transfer,2022-09-12,Injured
91,Transfer,2022-10-27,Sick
92,Stray,2023-03-02,Injured
93,Surrendered,2022-01-16,Normal
94,Transfer,2023-06-22,Sick
95,Transfer,2022-07-17,Sick
96,Stray,2022-08-03,Sick
97,Transfer,2022-01-13,Injured
98,Transfer,2023-10-27,Normal
99,Surrendered,2023-03-22,Sick
100,Transfer,2023-05-14,Sick
101,Stray,2024-04-30,Injured
102,Transfer,2024-05-14,Injured
103,Stray,2022-04-02,Injured
104,Stray,2023-09-21,Sick
105,Surrendered,2022-07-22,Injured
106,Transfer,2023-10-29,Sick
107,Transfer,2023-10-22,Normal
108,Stray,2022-09-23,Injured
109,Stray,2024-09-28,Sick
110,Stray,2023-01-19,Sick
111,Stray,2022-07-16,Sick
112,Stray,2022-02-18,Injured
113,Stray,2022-07-10,Injured
114,Transfer,2023-08-26,Normal
115,Surrendered,2022-07-18,Injured
116,Surrendered,2024-05-18,Injured
117,Transfer,2022-09-29,Injured
118,Surrendered,2024-02-11,Normal
119,Surrendered,2024-09-19,Injured
120,Stray,2024-06-11,Injured
121,Surrendered,2023-07-15,Normal
122,Transfer,2024-02-01,Injured
123,Transfer,2022-12-25,Injured
124,Transfer,2024-07-06,Normal
125,Surrendered,2023-02-24,Normal
126,Stray,2022-12-10,Normal
127,Stray,2022-09-14,Sick
128,Transfer,2022-02-06,Injured
129,Stray,2024-11-25,Sick
130,Surrendered,2024-10-11,Sick
131,Surrendered,2024-04-19,Normal
132,Transfer,2022-04-19,Sick
133,Stray,2023-06-18,Injured
134,Stray,2023-05-21,Normal
135,Transfer,2024-08-20,Normal
136,Transfer,2024-04-30,Injured
137,Surrendered,2024-06-22,Sick
138,Transfer,2022-03-24,Injured
139,Surrendered,2022-01-30,Normal
140,Stray,2022-03-09,Sick
141,Stray,2022-05-07,Injured
142,Surrendered,2022-08-14,Normal
143,Surrendered,2024-04-18,Sick
144,Surrendered,2024-08-29,Normal
145,Surrendered,2022-09-07,Normal
146,Stray,2024-10-12,Injured
147,Stray,2022-07-11,Injured
148,Transfer,2023-11-29,Sick
149,Transfer,2022-05-10,Injured
150,Transfer,2023-11-02,Sick
151,Stray,2023-12-17,Injured
152,Surrendered,2024-08-21,Injured
153,Transfer,2024-02-26,Injured
154,Surrendered,2023-05-31,Sick
155,Stray,2022-11-16,Sick
156,Surrendered,2024-03-08,Sick
157,Stray,2022-10-04,Normal
158,Surrendered,2024-08-08,Sick
159,Stray,2022-01-04,Injured
160,Stray,2023-12-08,Normal
161,Surrendered,2024-02-26,Injured
162,Stray,2022-12-05,Sick
163,Surrendered,2022-05-03,Injured
164,Surrendered,2023-07-28,Injured
165,Transfer,2024-11-23,Sick
166,Stray,2022-07-26,Sick
167,Stray,2024-09-18,Sick
168,Surrendered,2024-05-25,Injured
169,Transfer,2024-08-28,Injured
170,Surrendered,2022-05-27,Injured
171,Transfer,2022-06-19,Sick
172,Surrendered,2024-03-03,Normal
173,Surrendered,2024-02-29,Injured
174,Stray,2022-03-10,Injured
175,Transfer,2024-01-04,Injured
176,Transfer,2022-04-26,Injured
177,Stray,2023-10-12,Normal
178,Transfer,2022-09-17,Normal
179,Transfer,2022-11-01,Normal
180,Stray,2022-10-16,Sick
181,Surrendered,2024-12-30,Sick
182,Transfer,2022-12-19,Normal
183,Surrendered,2024-09-25,Sick
184,Transfer,2024-01-09,Injured
185,Surrendered,2024-10-20,Normal
186,Stray,2022-11-04,Sick
187,Surrendered,2022-08-16,Sick
188,Surrendered,2023-06-21,Normal
189,Stray,2023-05-03,Injured
190,Stray,2022-03-25,Sick
191,Surrendered,2022-04-08,Injured
192,Transfer,2023-08-22,Normal
193,Surrendered,2024-11-28,Sick
194,Transfer,2023-12-24,Normal
195,Transfer,2024-07-21,Sick
196,Surrendered,2023-03-02,Sick
197,Surrendered,2023-12-01,Normal
198,Transfer,2023-12-10,Injured
199,Transfer,2022-01-14,Sick
200,Transfer,2023-09-06,Normal
201,Stray,2024-12-14,Normal
202,Surrendered,2024-03-18,Sick
203,Stray,2024-03-27,Normal
204,Stray,2024-10-30,Injured
205,Surrendered,2022-03-06,Sick
206,Transfer,2022-02-14,Injured
207,Transfer,2024-03-24,Normal
208,Stray,2024-08-01,Sick
209,Stray,2022-11-03,Sick
210,Surrendered,2022-08-14,Injured
211,Transfer,2022-08-04,Sick
212,Stray,2023-10-19,Normal
213,Surrendered,2023-09-17,Normal
214,Surrendered,2022-07-09,Sick
215,Stray,2023-10-10,Normal
216,Transfer,2023-06-19,Injured
217,Surrendered,2023-11-06,Injured
218,Stray,2023-11-07,Normal
219,Transfer,2023-09-30,Injured
220,Transfer,2022-02-06,Sick
221,Surrendered,2023-03-03,Normal
222,Stray,2023-10-05,Injured
223,Surrendered,2023-12-31,Injured
224,Surrendered,2024-07-21,Sick
225,Surrendered,2024-06-23,Normal
226,Surrendered,2022-02-20,Sick
227,Stray,2024-02-21,Sick
228,Transfer,2024-12-04,Sick
229,Transfer,2022-07-20,Normal
230,Transfer,2023-10-25,Sick
231,Transfer,2023-11-11,Injured
232,Transfer,2023-02-08,Normal
233,Transfer,2022-01-13,Sick
234,Surrendered,2024-03-19,Injured
235,Surrendered,2024-06-02,Sick
236,Stray,2023-11-11,Sick
237,Surrendered,2022-06-20,Injured
238,Transfer,2022-02-12,Sick
239,Transfer,2022-05-16,Sick
240,Transfer,2024-12-06,Sick
241,Stray,2022-12-21,Sick
242,Stray,2022-07-01,Normal
243,Stray,2022-11-28,Normal
244,Stray,2022-05-06,Normal
245,Transfer,2022-04-16,Normal
246,Transfer,2023-04-04,Sick
247,Surrendered,2023-05-29,Injured
248,Stray,2023-06-12,Normal
249,Surrendered,2022-11-25,Normal
250,Transfer,2022-03-02,Sick
251,Surrendered,2023-07-11,Sick
252,Stray,2022-07-03,Sick
253,Transfer,2022-08-06,Normal
254,Stray,2024-10-29,Injured
255,Transfer,2022-02-14,Normal
256,Surrendered,2024-12-18,Injured
257,Transfer,2023-10-21,Normal
258,Transfer,2023-01-18,Injured
259,Transfer,2022-12-31,Normal
260,Stray,2022-01-13,Sick
261,Stray,2024-12-27,Injured
262,Surrendered,2023-08-12,Injured
263,Stray,2024-08-05,Normal
264,Stray,2022-06-07,Sick
265,Transfer,2024-03-26,Injured
266,Transfer,2023-11-28,Injured
267,Surrendered,2023-12-17,Normal
268,Transfer,2023-12-26,Normal
269,Transfer,2024-08-17,Injured
270,Stray,2023-03-06,Normal
271,Transfer,2023-05-06,Normal
272,Transfer,2022-08-20,Normal
273,Stray,2024-02-14,Sick
274,Transfer,2024-03-18,Injured
275,Surrendered,2024-12-23,Normal
276,Surrendered,2023-05-29,Injured
277,Transfer,2023-08-22,Injured
278,Transfer,2023-04-30,Normal
279,Transfer,2023-06-12,Sick
280,Transfer,2024-03-21,Sick
281,Transfer,2022-03-22,Injured
282,Surrendered,2024-09-14,Normal
283,Surrendered,2022-05-29,Injured
284,Stray,2022-08-10,Sick
285,Surrendered,2024-09-07,Sick
286,Stray,2024-11-21,Injured
287,Surrendered,2024-06-21,Injured
288,Transfer,2024-08-24,Injured
289,Transfer,2022-08-11,Normal
290,Transfer,2022-03-09,Normal
291,Stray,2022-05-13,Normal
292,Stray,2023-05-04,Injured
293,Transfer,2023-04-02,Normal
294,Stray,2024-09-01,Normal
295,Transfer,2023-09-25,Normal
296,Transfer,2024-12-19,Injured
297,Stray,2023-09-25,Sick
298,Transfer,2024-03-08,Sick
299,Transfer,2023-10-26,Sick
300,Stray,2024-09-10,Injured
301,Surrendered,2024-03-08,Sick
302,Transfer,2023-11-03,Injured
303,Surrendered,2024-02-04,Normal
304,Surrendered,2024-01-07,Sick
305,Surrendered,2023-12-29,Injured
306,Transfer,2023-02-20,Sick
307,Surrendered,2024-07-19,Sick
308,Stray,2024-04-01,Sick
309,Stray,2024-04-16,Sick
310,Transfer,2022-02-15,Normal
311,Transfer,2023-02-11,Injured
312,Surrendered,2024-01-30,Injured
313,Surrendered,2024-02-03,Normal
314,Transfer,2024-02-17,Normal
315,Transfer,2023-02-06,Injured
316,Surrendered,2024-11-07,Normal
317,Surrendered,2022-01-02,Sick
318,Transfer,2024-03-01,Sick
319,Stray,2024-01-11,Normal
320,Stray,2023-02-16,Injured
321,Surrendered,2022-11-22,Injured
322,Surrendered,2024-01-07,Sick
323,Surrendered,2022-12-13,Injured
324,Transfer,2022-04-15,Sick
325,Surrendered,2023-11-11,Injured
326,Transfer,2024-11-10,Injured
327,Stray,2023-02-08,Injured
328,Transfer,2023-05-08,Injured
329,Surrendered,2024-03-25,Normal
330,Transfer,2023-07-27,Normal
331,Surrendered,2024-05-30,Normal
332,Stray,2024-01-21,Sick
333,Surrendered,2023-01-24,Injured
334,Surrendered,2024-08-13,Normal
335,Stray,2024-11-12,Injured
336,Stray,2024-07-08,Normal
337,Transfer,2023-09-11,Normal
338,Surrendered,2024-03-04,Sick
339,Transfer,2023-01-02,Sick
340,Transfer,2022-09-18,Normal
341,Surrendered,2024-11-24,Injured
342,Surrendered,2024-02-03,Injured
343,Transfer,2024-06-15,Sick
344,Stray,2023-07-17,Injured
345,Stray,2022-10-27,Sick
346,Transfer,2024-03-19,Normal
347,Surrendered,2022-04-05,Sick
348,Surrendered,2022-12-13,Injured
349,Stray,2022-11-14,Normal
350,Surrendered,2023-05-19,Sick
351,Surrendered,2024-08-03,Normal
352,Stray,2023-07-10,Injured
353,Surrendered,2023-12-21,Normal
354,Surrendered,2023-08-21,Injured
355,Transfer,2023-04-18,Normal
356,Transfer,2024-12-15,Injured
357,Transfer,2023-06-23,Normal
358,Transfer,2022-06-30,Sick
359,Transfer,2022-11-09,Normal
360,Stray,2022-09-14,Injured
361,Surrendered,2022-05-08,Sick
362,Surrendered,2022-01-14,Normal
363,Surrendered,2024-06-26,Normal
364,Stray,2023-06-01,Sick
365,Stray,2023-04-16,Sick
366,Transfer,2022-11-11,Normal
367,Transfer,2023-10-06,Injured
368,Transfer,2024-10-15,Sick
369,Stray,2023-02-07,Sick
370,Stray,2024-06-13,Sick
371,Surrendered,2022-12-03,Injured
372,Stray,2023-07-05,Injured
373,Stray,2024-02-07,Sick
374,Transfer,2023-03-23,Injured
375,Surrendered,2022-01-01,Normal
376,Transfer,2023-08-22,Injured
377,Stray,2022-07-01,Injured
378,Stray,2024-09-24,Normal
379,Stray,2023-09-05,Normal
380,Stray,2023-07-15,Injured
381,Transfer,2023-01-31,Normal
382,Transfer,2024-08-02,Sick
383,Surrendered,2022-11-08,Injured
384,Surrendered,2024-06-29,Sick
385,Stray,2022-11-20,Sick
386,Surrendered,2022-08-28,Sick
387,Transfer,2023-07-17,Injured
388,Surrendered,2023-04-25,Normal
389,Stray,2023-07-15,Injured
390,Surrendered,2022-10-23,Normal
391,Surrendered,2022-08-22,Injured
392,Transfer,2022-01-25,Injured
393,Stray,2022-01-17,Injured
394,Stray,2022-09-30,Injured
395,Transfer,2023-11-29,Sick
396,Stray,2022-06-20,Sick
397,Transfer,2022-11-12,Normal
398,Transfer,2024-08-25,Normal
399,Stray,2023-12-29,Sick
400,Surrendered,2024-01-07,Normal
401,Surrendered,2024-04-03,Injured
402,Transfer,2022-04-21,Normal
403,Surrendered,2024-07-10,Sick
404,Surrendered,2024-07-26,Injured
405,Stray,2022-07-03,Sick
406,Stray,2024-12-15,Sick
407,Transfer,2022-05-09,Injured
408,Surrendered,2022-02-28,Injured
409,Stray,2023-11-11,Normal
410,Stray,2022-12-07,Injured
411,Stray,2023-10-31,Sick
412,Transfer,2023-08-11,Sick
413,Transfer,2024-12-03,Injured
414,Transfer,2023-06-10,Injured
415,Surrendered,2022-10-14,Normal
416,Stray,2023-09-23,Sick
417,Transfer,2024-09-15,Sick
418,Transfer,2024-05-20,Injured
419,Transfer,2024-12-09,Injured
420,Surrendered,2023-01-14,Sick
421,Transfer,2023-08-02,Normal
422,Surrendered,2024-02-16,Normal
423,Transfer,2024-05-09,Sick
424,Transfer,2022-11-19,Injured
425,Transfer,2023-09-12,Sick
426,Surrendered,2024-02-01,Normal
427,Surrendered,2024-04-02,Normal
428,Stray,2022-02-07,Normal
429,Transfer,2023-09-22,Normal
430,Stray,2024-03-17,Injured
431,Stray,2024-08-25,Injured
432,Transfer,2024-02-24,Sick
433,Transfer,2022-05-14,Normal
434,Transfer,2022-02-16,Normal
435,Transfer,2024-06-24,Normal
436,Surrendered,2024-03-27,Normal
437,Surrendered,2022-12-06,Normal
438,Surrendered,2023-10-24,Normal
439,Transfer,2024-02-14,Sick
440,Surrendered,2024-03-28,Normal
441,Stray,2024-06-01,Normal
442,Surrendered,2024-01-23,Normal
443,Surrendered,2023-11-07,Normal
444,Transfer,2022-04-07,Normal
445,Surrendered,2023-02-25,Normal
446,Stray,2023-05-11,Normal
447,Transfer,2023-12-17,Normal
448,Stray,2022-08-09,Injured
449,Surrendered,2023-10-14,Normal
450,Stray,2022-09-20,Sick
451,Transfer,2024-10-07,Sick
452,Surrendered,2022-05-13,Injured
453,Stray,2023-05-29,Injured
454,Transfer,2023-05-15,Injured
455,Surrendered,2024-03-01,Normal
456,Stray,2024-02-17,Normal
457,Surrendered,2022-08-28,Normal
458,Surrendered,2023-10-17,Injured
459,Transfer,2024-06-14,Injured
460,Stray,2023-05-11,Injured
461,Surrendered,2022-10-27,Sick
462,Transfer,2023-07-30,Sick
463,Surrendered,2022-12-16,Injured
464,Stray,2022-04-03,Injured
465,Surrendered,2023-01-20,Sick
466,Transfer,2023-06-22,Injured
467,Stray,2023-03-22,Sick
468,Surrendered,2022-01-29,Normal
469,Transfer,2024-05-20,Normal
470,Transfer,2023-11-04,Injured
471,Stray,2022-06-12,Sick
472,Surrendered,2024-01-29,Injured
473,Stray,2022-01-25,Sick
474,Transfer,2023-11-07,Injured
475,Transfer,2022-09-14,Injured
476,Stray,2022-07-14,Injured
477,Surrendered,2022-06-09,Sick
478,Stray,2023-11-21,Sick
479,Transfer,2023-07-13,Normal
480,Surrendered,2023-03-20,Normal
481,Stray,2022-04-15,Normal
482,Stray,2024-09-17,Normal
483,Stray,2022-05-01,Normal
484,Transfer,2022-10-04,Normal
485,Stray,2022-01-10,Sick
486,Surrendered,2023-05-18,Normal
487,Stray,2023-10-19,Sick
488,Surrendered,2024-05-21,Normal
489,Surrendered,2024-07-08,Injured
490,Stray,2024-11-03,Sick
491,Transfer,2022-07-11,Sick
492,Stray,2023-08-29,Sick
493,Stray,2024-12-19,Normal
494,Surrendered,2022-06-02,Normal
495,Transfer,2023-08-22,Normal
496,Stray,2024-03-29,Injured
497,Transfer,2022-04-26,Sick
498,Stray,2023-10-27,Injured
499,Surrendered,2024-08-03,Sick
500,Surrendered,2024-03-17,Normal
501,Stray,2024-08-18,Normal
502,Transfer,2023-11-01,Normal
503,Transfer,2022-08-27,Injured
504,Stray,2024-10-13,Sick
505,Transfer,2022-12-20,Normal
506,Transfer,2022-08-02,Sick
507,Surrendered,2022-04-15,Injured
508,Stray,2023-01-06,Sick
509,Stray,2024-07-07,Normal
510,Stray,2023-01-20,Injured
511,Stray,2022-02-23,Sick
512,Surrendered,2024-09-07,Normal
513,Stray,2024-07-01,Injured
514,Transfer,2023-08-13,Injured
515,Stray,2022-06-06,Injured
516,Surrendered,2023-09-08,Sick
517,Stray,2022-09-15,Normal
518,Stray,2023-05-02,Injured
519,Stray,2024-09-05,Injured
520,Surrendered,2023-12-04,Injured
521,Surrendered,2022-11-11,Sick
522,Transfer,2024-08-15,Injured
523,Stray,2024-10-31,Injured
524,Surrendered,2024-05-19,Sick
525,Transfer,2023-08-06,Normal
526,Surrendered,2022-03-21,Injured
527,Stray,2024-09-26,Normal
528,Transfer,2024-05-13,Injured
529,Surrendered,2022-04-19,Injured
530,Transfer,2024-11-16,Injured
531,Surrendered,2022-02-21,Normal
532,Transfer,2022-09-22,Normal
533,Surrendered,2022-10-18,Injured
534,Surrendered,2022-07-04,Sick
535,Transfer,2022-12-27,Normal
536,Stray,2024-04-23,Sick
537,Surrendered,2023-07-07,Normal
538,Surrendered,2023-10-13,Normal
539,Transfer,2022-01-18,Normal
540,Stray,2023-04-29,Sick
541,Transfer,2022-12-11,Injured
542,Stray,2022-08-25,Sick
543,Stray,2024-03-21,Normal
544,Transfer,2023-11-06,Sick
545,Stray,2022-12-25,Normal
546,Transfer,2022-12-07,Injured
547,Transfer,2023-04-06,Normal
548,Surrendered,2024-08-27,Injured
549,Surrendered,2024-06-22,Normal
550,Surrendered,2023-07-13,Sick
551,Stray,2024-02-03,Sick
552,Surrendered,2022-03-21,Sick
553,Surrendered,2023-07-07,Injured
554,Surrendered,2024-02-04,Injured
555,Surrendered,2023-03-26,Normal
556,Stray,2022-02-24,Normal
557,Surrendered,2024-05-28,Normal
558,Stray,2022-08-25,Normal
559,Surrendered,2022-04-13,Injured
560,Transfer,2022-10-17,Injured
561,Surrendered,2024-11-07,Normal
562,Surrendered,2024-12-07,Sick
563,Surrendered,2022-10-29,Normal
564,Surrendered,2022-09-20,Injured
565,Transfer,2023-03-04,Sick
566,Transfer,2024-03-12,Injured
567,Surrendered,2023-07-20,Normal
568,Surrendered,2024-01-25,Normal
569,Transfer,2024-11-19,Injured
570,Transfer,2023-05-17,Sick
571,Surrendered,2024-07-01,Sick
572,Transfer,2023-02-11,Normal
573,Surrendered,2022-10-21,Sick
574,Stray,2024-12-10,Normal
575,Transfer,2024-02-16,Injured
576,Surrendered,2024-08-24,Injured
577,Transfer,2022-04-18,Sick
578,Transfer,2022-09-21,Sick
579,Stray,2022-02-18,Sick
580,Transfer,2024-09-25,Injured
581,Stray,2023-03-02,Injured
582,Stray,2023-09-17,Normal
583,Stray,2023-03-30,Sick
584,Surrendered,2022-05-28,Injured
585,Transfer,2024-01-01,Normal
586,Stray,2024-05-05,Normal
587,Transfer,2022-07-08,Sick
588,Transfer,2024-11-05,Injured
589,Transfer,2022-04-15,Normal
590,Transfer,2024-11-26,Normal
591,Stray,2024-07-25,Sick
592,Surrendered,2023-04-06,Normal
593,Transfer,2024-09-15,Normal
594,Stray,2022-05-27,Injured
595,Transfer,2024-08-11,Injured
596,Surrendered,2022-07-06,Sick
597,Stray,2023-07-23,Sick
598,Stray,2024-08-06,Normal
599,Stray,2022-04-20,Injured
600,Stray,2024-02-20,Normal
601,Surrendered,2023-08-16,Normal
602,Transfer,2024-08-29,Injured
603,Transfer,2022-11-22,Normal
604,Surrendered,2023-08-20,Injured
605,Stray,2022-01-24,Sick
606,Stray,2024-05-19,Normal
607,Transfer,2024-09-03,Injured
608,Transfer,2022-06-04,Sick
609,Transfer,2023-05-05,Injured
610,Transfer,2022-07-09,Injured
611,Surrendered,2024-09-23,Sick
612,Transfer,2024-07-03,Normal
613,Transfer,2023-04-20,Sick
614,Stray,2024-08-30,Normal
615,Surrendered,2024-02-25,Injured
616,Stray,2024-05-30,Normal
617,Transfer,2024-12-30,Injured
618,Surrendered,2023-03-09,Injured
619,Surrendered,2023-01-10,Normal
620,Surrendered,2022-01-15,Injured
621,Transfer,2023-03-16,Sick
622,Transfer,2023-07-22,Normal
623,Transfer,2024-11-09,Normal
624,Surrendered,2023-05-25,Normal
625,Stray,2024-08-20,Sick
626,Transfer,2022-08-02,Sick
627,Stray,2024-11-17,Sick
628,Surrendered,2024-07-01,Sick
629,Transfer,2023-01-20,Sick
630,Stray,2023-08-26,Injured
631,Stray,2023-10-18,Sick
632,Surrendered,2022-01-13,Injured
633,Transfer,2022-01-09,Normal
634,Surrendered,2023-10-24,Injured
635,Transfer,2023-03-07,Normal
636,Surrendered,2022-10-01,Normal
637,Transfer,2023-06-01,Injured
638,Surrendered,2024-04-20,Normal
639,Transfer,2024-02-17,Sick
640,Surrendered,2024-08-11,Injured
641,Stray,2022-03-25,Normal
642,Surrendered,2024-12-15,Injured
643,Transfer,2022-01-04,Sick
644,Stray,2024-01-28,Normal
645,Surrendered,2024-01-29,Normal
646,Stray,2024-08-14,Normal
647,Surrendered,2023-12-11,Sick
648,Transfer,2022-09-26,Sick
649,Transfer,2024-12-27,Normal
650,Transfer,2024-06-21,Normal
651,Transfer,2024-03-18,Normal
652,Stray,2023-06-05,Normal
653,Transfer,2022-06-30,Injured
654,Transfer,2024-05-30,Sick
655,Transfer,2024-03-17,Injured
656,Surrendered,2023-11-25,Injured
657,Transfer,2022-02-18,Sick
658,Transfer,2023-10-11,Normal
659,Surrendered,2022-12-31,Normal
660,Surrendered,2024-01-31,Normal
661,Transfer,2024-07-06,Injured
662,Stray,2022-01-21,Injured
663,Transfer,2024-06-04,Sick
664,Stray,2024-03-18,Normal
665,Surrendered,2022-06-17,Injured
666,Surrendered,2023-08-15,Sick
667,Stray,2023-05-11,Injured
668,Stray,2022-04-19,Sick
669,Surrendered,2023-03-12,Sick
670,Stray,2023-01-11,Injured
671,Stray,2023-03-18,Sick
672,Transfer,2023-02-26,Normal
673,Stray,2024-03-14,Injured
674,Transfer,2023-10-03,Normal
675,Stray,2022-11-24,Normal
676,Transfer,2024-05-28,Sick
677,Transfer,2024-02-23,Normal
678,Transfer,2022-09-22,Injured
679,Transfer,2022-09-07,Sick
680,Stray,2024-02-15,Sick
681,Transfer,2022-08-27,Normal
682,Surrendered,2023-10-14,Normal
683,Surrendered,2024-08-02,Normal
684,Transfer,2022-02-12,Sick
685,Stray,2024-03-30,Sick
686,Transfer,2023-11-16,Sick
687,Stray,2023-10-03,Sick
688,Stray,2022-09-26,Injured
689,Surrendered,2024-09-21,Normal
690,Stray,2022-01-03,Sick
691,Transfer,2022-02-05,Sick
692,Stray,2024-05-26,Injured
693,Stray,2023-06-13,Normal
694,Surrendered,2023-09-09,Injured
695,Stray,2022-03-14,Normal
696,Transfer,2022-01-05,Sick
697,Transfer,2023-01-22,Sick
698,Surrendered,2023-01-07,Injured
699,Stray,2023-12-17,Injured
700,Surrendered,2022-10-09,Normal
701,Surrendered,2024-01-17,Injured
702,Surrendered,2024-12-15,Injured
703,Transfer,2023-11-24,Injured
704,Surrendered,2022-06-18,Injured
705,Transfer,2022-05-31,Sick
706,Stray,2022-05-30,Injured
707,Stray,2022-02-04,Sick
708,Surrendered,2023-09-21,Injured
709,Surrendered,2024-04-12,Normal
710,Transfer,2022-06-08,Injured
711,Surrendered,2024-04-12,Sick
712,Surrendered,2023-08-10,Injured
713,Transfer,2022-04-19,Injured
714,Surrendered,2022-01-16,Normal
715,Transfer,2023-07-25,Normal
716,Transfer,2024-05-02,Sick
717,Transfer,2023-04-01,Injured
718,Transfer,2024-12-20,Normal
719,Surrendered,2023-12-04,Injured
720,Surrendered,2023-02-02,Sick
721,Surrendered,2022-08-24,Injured
722,Surrendered,2023-07-28,Normal
723,Surrendered,2022-11-22,Sick
724,Transfer,2023-05-20,Injured
725,Transfer,2022-10-27,Injured
726,Stray,2022-05-01,Injured
727,Transfer,2022-09-11,Sick
728,Stray,2022-03-31,Normal
729,Transfer,2022-08-31,Injured
730,Surrendered,2022-05-28,Sick
731,Transfer,2024-07-03,Sick
732,Surrendered,2023-11-20,Injured
733,Surrendered,2024-11-19,Sick
734,Stray,2022-11-26,Injured
735,Surrendered,2023-11-14,Normal
736,Surrendered,2023-02-23,Normal
737,Transfer,2022-01-15,Normal
738,Stray,2024-01-07,Normal
739,Surrendered,2023-04-14,Normal
740,Surrendered,2023-07-25,Normal
741,Surrendered,2024-06-19,Sick
742,Stray,2022-08-22,Normal
743,Transfer,2022-11-01,Sick
744,Transfer,2022-05-09,Normal
745,Transfer,2022-09-02,Normal
746,Surrendered,2023-07-08,Normal
747,Surrendered,2023-11-30,Sick
748,Surrendered,2023-08-02,Normal
749,Stray,2023-03-27,Normal
750,Stray,2022-07-21,Injured
751,Stray,2022-10-13,Sick
752,Surrendered,2023-04-01,Injured
753,Stray,2024-06-29,Injured
754,Stray,2024-01-25,Normal
755,Surrendered,2022-05-23,Sick
756,Transfer,2024-03-17,Sick
757,Stray,2024-03-20,Sick
758,Stray,2024-01-16,Normal
759,Stray,2022-11-28,Sick
760,Transfer,2023-12-15,Sick
761,Stray,2023-11-27,Injured
762,Stray,2023-05-15,Sick
763,Stray,2022-12-14,Sick
764,Transfer,2023-08-26,Normal
765,Surrendered,2024-07-10,Normal
766,Surrendered,2023-03-06,Injured
767,Surrendered,2023-07-02,Injured
768,Transfer,2022-03-02,Injured
769,Transfer,2024-03-29,Injured
770,Transfer,2023-05-28,Sick
771,Transfer,2024-11-12,Sick
772,Surrendered,2024-05-07,Injured
773,Transfer,2023-02-13,Normal
774,Transfer,2022-01-12,Normal
775,Transfer,2022-01-04,Normal
776,Stray,2024-01-20,Sick
777,Transfer,2023-03-26,Injured
778,Transfer,2024-06-20,Injured
779,Surrendered,2022-12-04,Injured
780,Stray,2022-09-29,Normal
781,Transfer,2022-02-22,Sick
782,Surrendered,2023-12-15,Normal
783,Stray,2023-05-01,Sick
784,Stray,2024-06-26,Injured
785,Transfer,2023-10-09,Injured
786,Surrendered,2022-01-20,Sick
787,Stray,2022-07-26,Normal
788,Transfer,2024-01-29,Injured
789,Stray,2024-10-18,Normal
790,Stray,2022-10-12,Sick
791,Surrendered,2022-03-18,Normal
792,Surrendered,2023-05-25,Injured
793,Stray,2024-06-18,Sick
794,Surrendered,2023-11-03,Injured
795,Transfer,2023-10-27,Injured
796,Stray,2023-10-06,Injured
797,Stray,2022-07-08,Injured
798,Surrendered,2022-05-13,Normal
799,Transfer,2022-09-15,Sick
800,Stray,2022-06-05,Sick
801,Transfer,2022-04-28,Sick
802,Transfer,2024-07-30,Normal
803,Stray,2023-09-05,Injured
804,Stray,2022-05-16,Sick
805,Surrendered,2023-09-16,Normal
806,Surrendered,2023-07-29,Sick
807,Surrendered,2023-11-23,Sick
808,Transfer,2023-05-17,Sick
809,Transfer,2023-03-01,Sick
810,Stray,2022-05-24,Injured
811,Surrendered,2023-08-16,Injured
812,Surrendered,2022-02-06,Sick
813,Transfer,2023-08-28,Sick
814,Transfer,2023-10-17,Sick
815,Surrendered,2023-09-15,Sick
816,Surrendered,2024-12-09,Normal
817,Stray,2022-11-06,Sick
818,Surrendered,2023-07-17,Normal
819,Surrendered,2024-01-04,Sick
820,Stray,2022-05-25,Injured
821,Stray,2024-09-28,Normal
822,Stray,2023-11-11,Normal
823,Stray,2022-01-02,Sick
824,Surrendered,2022-10-28,Injured
825,Stray,2024-06-06,Normal
826,Transfer,2024-07-15,Normal
827,Transfer,2023-06-17,Injured
828,Stray,2024-06-13,Normal
829,Surrendered,2024-08-09,Normal
830,Stray,2024-06-28,Sick
831,Stray,2024-08-05,Normal
832,Transfer,2023-02-25,Sick
833,Surrendered,2024-09-21,Sick
834,Transfer,2023-10-12,Injured
835,Transfer,2024-03-17,Injured
836,Surrendered,2022-05-03,Sick
837,Stray,2023-12-02,Sick
838,Transfer,2022-03-06,Normal
839,Stray,2022-08-22,Injured
840,Transfer,2024-05-02,Normal
841,Surrendered,2023-05-07,Normal
842,Transfer,2024-01-20,Sick
843,Stray,2023-10-29,Injured
844,Surrendered,2024-07-13,Injured
845,Surrendered,2023-02-18,Normal
846,Transfer,2023-04-03,Injured
847,Stray,2024-09-26,Sick
848,Surrendered,2024-07-02,Injured
849,Surrendered,2024-08-16,Injured
850,Stray,2024-10-02,Normal
851,Transfer,2023-09-08,Injured
852,Surrendered,2024-01-15,Injured
853,Stray,2024-11-03,Injured
854,Surrendered,2024-11-22,Normal
855,Transfer,2022-09-03,Normal
856,Surrendered,2023-07-14,Normal
857,Stray,2022-02-18,Sick
858,Surrendered,2024-05-23,Normal
859,Transfer,2023-05-06,Sick
860,Surrendered,2024-09-02,Sick
861,Surrendered,2023-09-05,Normal
862,Stray,2024-11-24,Sick
863,Surrendered,2022-01-09,Sick
864,Transfer,2024-07-25,Normal
865,Transfer,2022-02-18,Normal
866,Stray,2024-06-23,Injured
867,Stray,2022-02-23,Sick
868,Surrendered,2022-02-06,Injured
869,Transfer,2023-11-01,Normal
870,Transfer,2023-05-31,Normal
871,Surrendered,2022-07-08,Injured
872,Surrendered,2022-01-18,Injured
873,Surrendered,2023-03-24,Sick
874,Stray,2024-01-15,Injured
875,Transfer,2022-05-06,Sick
876,Transfer,2022-09-09,Injured
877,Transfer,2023-03-11,Sick
878,Surrendered,2024-11-14,Injured
879,Transfer,2022-02-18,Sick
880,Transfer,2023-12-26,Sick
881,Surrendered,2022-08-21,Injured
882,Surrendered,2023-04-25,Injured
883,Stray,2024-11-07,Injured
884,Surrendered,2024-05-26,Injured
885,Transfer,2022-04-23,Normal
886,Surrendered,2022-08-15,Injured
887,Transfer,2024-01-14,Injured
888,Surrendered,2022-04-07,Injured
889,Transfer,2024-05-13,Normal
890,Transfer,2024-05-11,Sick
891,Stray,2023-11-30,Sick
892,Transfer,2024-03-20,Sick
893,Stray,2023-01-17,Normal
894,Surrendered,2023-10-03,Sick
895,Transfer,2024-04-03,Injured
896,Stray,2024-03-14,Normal
897,Stray,2024-10-07,Sick
898,Stray,2023-04-25,Sick
899,Surrendered,2022-08-02,Injured
900,Stray,2023-09-18,Normal
901,Stray,2023-06-18,Normal
902,Stray,2023-03-07,Injured
903,Stray,2023-10-27,Normal
904,Surrendered,2023-06-22,Normal
905,Transfer,2022-07-11,Normal
906,Surrendered,2022-07-09,Sick
907,Stray,2024-07-15,Normal
908,Surrendered,2022-07-19,Injured
909,Transfer,2024-02-18,Normal
910,Transfer,2022-09-24,Injured
911,Transfer,2022-03-22,Normal
912,Stray,2023-02-22,Normal
913,Surrendered,2024-09-08,Normal
914,Stray,2023-01-02,Normal
915,Stray,2023-06-09,Sick
916,Surrendered,2024-12-28,Injured
917,Transfer,2022-09-08,Normal
918,Surrendered,2022-12-25,Injured
919,Surrendered,2022-07-20,Normal
920,Stray,2024-06-22,Normal
921,Surrendered,2024-07-01,Normal
922,Transfer,2022-03-26,Injured
923,Surrendered,2022-06-18,Normal
924,Transfer,2022-02-28,Normal
925,Stray,2024-01-21,Normal
926,Stray,2022-09-13,Sick
927,Surrendered,2023-09-06,Sick
928,Transfer,2024-12-31,Sick
929,Stray,2023-08-09,Sick
930,Stray,2022-09-13,Sick
931,Transfer,2024-03-16,Injured
932,Surrendered,2024-03-18,Normal
933,Stray,2024-02-20,Injured
934,Stray,2023-02-15,Normal
935,Surrendered,2023-06-10,Normal
936,Surrendered,2022-03-11,Sick
937,Stray,2024-05-25,Sick
938,Surrendered,2023-09-24,Injured
939,Stray,2024-08-06,Sick
940,Stray,2024-03-14,Sick
941,Surrendered,2022-08-12,Injured
942,Surrendered,2022-11-21,Normal
943,Surrendered,2022-03-18,Sick
944,Transfer,2023-01-07,Injured
945,Transfer,2023-10-29,Injured
946,Stray,2024-02-14,Normal
947,Stray,2022-06-22,Normal
948,Surrendered,2024-05-25,Normal
949,Stray,2024-02-29,Injured
950,Stray,2024-09-11,Normal
951,Surrendered,2023-03-07,Sick
952,Transfer,2023-05-01,Injured
953,Surrendered,2024-02-12,Injured
954,Surrendered,2023-03-10,Sick
955,Surrendered,2023-08-23,Injured
956,Stray,2024-09-02,Sick
957,Transfer,2022-10-14,Sick
958,Transfer,2022-02-13,Normal
959,Transfer,2023-10-20,Injured
960,Stray,2024-05-16,Sick
961,Surrendered,2024-09-08,Sick
962,Stray,2022-05-17,Injured
963,Stray,2023-09-15,Injured
964,Transfer,2024-05-31,Sick
965,Stray,2022-04-23,Normal
966,Stray,2022-07-18,Injured
967,Stray,2022-04-20,Injured
968,Surrendered,2023-09-05,Sick
969,Surrendered,2023-06-02,Sick
970,Stray,2022-10-11,Sick
971,Stray,2022-09-12,Normal
972,Transfer,2022-11-23,Injured
973,Surrendered,2023-06-03,Normal
974,Stray,2023-01-27,Normal
975,Transfer,2022-06-08,Normal
976,Surrendered,2024-11-26,Injured
977,Surrendered,2024-12-23,Sick
978,Surrendered,2023-01-27,Sick
979,Surrendered,2022-10-10,Injured
980,Transfer,2024-06-26,Injured
981,Stray,2024-03-25,Sick
982,Stray,2022-09-05,Injured
983,Surrendered,2024-02-26,Normal
984,Stray,2023-07-24,Injured
985,Transfer,2024-09-01,Normal
986,Surrendered,2023-05-12,Normal
987,Transfer,2022-04-19,Normal
988,Surrendered,2023-12-27,Injured
989,Transfer,2022-10-02,Sick
990,Transfer,2023-06-02,Sick
991,Surrendered,2022-12-07,Sick
992,Stray,2024-10-10,Sick
993,Surrendered,2022-01-11,Sick
994,Surrendered,2023-12-01,Injured
995,Stray,2023-07-24,Normal
996,Stray,2023-08-24,Normal
997,Stray,2024-09-27,Normal
998,Transfer,2024-03-31,Sick
999,Stray,2022-06-29,Injured
1000,Stray,2022-11-08,Sick
